StudentName,Attendance,StudyHours,InternalMarks,AssignmentMarks,PreviousMarks,FinalScore
Aarav Patil 001,72.4,4.9,61.0,66.0,61.4,66.7
Aditi More 002,85.7,4.2,75.9,86.4,79.4,76.0
Aditya Sawant 003,81.8,4.0,67.0,76.1,62.6,67.7
Akash Deshmukh 004,65.3,4.9,74.8,61.4,88.8,72.1
Akshay Kadam 005,64.5,3.9,63.2,69.7,75.9,65.0
Aman Desai 006,62.5,7.3,69.4,74.7,53.5,65.4
Amol Jadhav 007,79.8,2.5,70.5,70.7,79.2,66.2
Ananya Chavan 008,68.9,3.8,84.0,78.6,87.9,76.2
Aniket Kale 009,70.1,6.7,66.9,83.4,71.9,68.7
Anjali Shinde 010,69.5,7.5,77.4,67.2,81.1,71.5
Ansh Gaikwad 011,87.9,5.6,64.2,60.4,86.9,80.4
Arjun Thorat 012,87.3,2.4,67.4,70.9,46.3,63.0
Aryan Pawar 013,86.0,4.6,76.6,74.4,47.3,72.1
Ashish Bhosale 014,52.1,5.1,78.3,78.3,80.8,72.4
Avani Lokhande 015,74.1,5.5,41.7,70.9,66.8,67.0
Bhakti Kulkarni 016,93.1,3.0,55.6,94.8,71.9,70.0
Chetan Mane 017,70.8,4.7,55.8,90.5,55.6,66.6
Deepak Wagh 018,74.7,6.3,70.9,60.3,62.2,67.9
Diya Joshi 019,85.2,3.6,91.3,69.4,65.9,75.1
Gaurav Salunkhe 020,81.1,3.2,70.7,78.8,81.2,73.8
Harsh Patil 021,83.5,4.0,86.1,90.9,72.9,75.1
Isha More 022,74.4,3.9,62.7,75.2,82.2,68.6
Ishaan Sawant 023,97.9,1.0,70.7,68.9,82.4,74.2
Karan Deshmukh 024,76.4,4.0,69.3,65.3,52.4,69.7
Kavya Kadam 025,80.9,4.4,87.6,88.8,69.7,74.1
Krishna Desai 026,65.7,4.5,66.5,76.9,72.0,68.2
Manas Jadhav 027,86.7,5.4,59.1,59.2,65.6,68.4
Manav Chavan 028,78.1,4.5,67.3,71.8,92.7,74.0
Mayur Kale 029,100.0,6.0,68.9,82.4,95.7,85.2
Meera Shinde 030,79.6,4.7,76.6,47.9,60.8,65.8
Mihir Gaikwad 031,59.4,5.4,70.3,99.7,71.3,72.9
Neha Thorat 032,95.7,3.7,75.7,100.0,80.8,85.9
Nikhil Pawar 033,81.1,6.0,85.2,72.3,66.1,74.9
Nikita Bhosale 034,84.3,4.1,50.2,87.5,75.3,71.4
Om Lokhande 035,54.7,4.5,85.4,80.0,43.1,61.5
Pooja Kulkarni 036,73.4,5.0,65.2,83.0,52.5,66.5
Pranav Mane 037,81.3,7.4,77.8,65.3,83.9,83.7
Prathamesh Wagh 038,88.0,6.6,88.6,59.4,75.0,85.4
Rahul Joshi 039,74.6,4.9,71.5,62.3,70.1,69.6
Riya Salunkhe 040,69.6,5.7,78.6,100.0,76.2,72.1
Rohan Patil 041,70.1,5.1,69.6,86.1,65.9,68.6
Rohit More 042,96.6,5.1,43.4,65.0,77.1,69.1
Sachin Sawant 043,54.0,6.9,86.5,86.7,81.0,77.3
Sahil Deshmukh 044,61.0,6.6,79.6,93.8,89.6,80.2
Samarth Kadam 045,100.0,4.3,87.5,59.8,68.3,75.2
Sanjay Desai 046,65.1,5.8,85.0,56.7,60.5,69.6
Sarthak Jadhav 047,79.8,6.1,72.1,69.2,48.9,67.7
Shreya Chavan 048,66.5,6.0,64.3,59.2,56.5,62.1
Sneha Kale 049,86.8,5.3,80.0,80.9,85.0,82.2
Tanmay Shinde 050,64.2,3.8,72.9,73.1,47.1,60.1
Tejas Gaikwad 051,75.2,4.0,86.5,84.1,98.0,81.9
Vaishnavi Thorat 052,82.4,5.1,83.1,82.6,76.5,75.2
Vedant Pawar 053,59.6,7.1,87.0,78.9,79.7,74.8
Yash Bhosale 054,91.5,5.1,81.0,74.2,72.6,84.0
Aarav Lokhande 055,81.5,1.7,93.6,61.9,52.8,71.2
Aditi Kulkarni 056,80.8,4.6,43.4,68.3,97.6,74.8
Aditya Mane 057,90.1,6.2,49.9,65.0,68.3,72.3
Akash Wagh 058,94.8,5.0,53.3,66.9,64.4,66.9
Akshay Joshi 059,80.0,3.2,77.1,61.8,76.5,66.6
Aman Salunkhe 060,82.4,6.5,68.3,68.6,83.9,70.8
Amol Patil 061,94.3,5.4,69.5,52.6,88.3,75.6
Ananya More 062,73.0,7.7,78.6,76.6,84.7,81.4
Aniket Sawant 063,73.3,4.0,81.5,60.7,60.5,69.3
Anjali Deshmukh 064,78.0,6.7,86.4,58.0,56.3,73.0
Ansh Kadam 065,81.9,3.7,79.4,61.3,72.1,72.0
Arjun Desai 066,79.3,4.0,54.5,82.1,75.5,69.8
Aryan Jadhav 067,62.8,5.2,62.5,74.5,62.9,64.9
Ashish Chavan 068,82.9,3.5,68.4,73.8,59.8,68.6
Avani Kale 069,83.9,6.5,59.9,74.1,70.7,70.3
Bhakti Shinde 070,77.5,4.7,70.3,65.9,71.2,71.1
Chetan Gaikwad 071,64.0,6.1,55.5,83.4,53.5,60.7
Deepak Thorat 072,81.0,6.6,74.9,60.6,64.6,72.8
Diya Pawar 073,80.8,1.0,74.2,58.5,41.8,58.5
Gaurav Bhosale 074,76.7,5.5,74.4,48.6,59.5,71.7
Harsh Lokhande 075,66.6,4.3,81.3,54.9,69.3,73.2
Isha Kulkarni 076,64.3,5.5,45.9,64.0,56.3,59.9
Ishaan Mane 077,74.7,4.2,81.4,65.1,72.7,69.6
Karan Wagh 078,61.5,4.4,84.5,58.1,82.5,76.8
Kavya Joshi 079,88.5,6.6,73.0,82.5,67.3,78.4
Krishna Salunkhe 080,63.4,3.8,45.7,70.3,70.4,60.1
Manas Patil 081,83.7,3.3,69.6,67.4,76.3,70.8
Manav More 082,64.1,4.8,58.3,76.2,81.5,69.8
Mayur Sawant 083,82.5,4.5,71.2,77.4,72.2,71.5
Meera Deshmukh 084,91.1,7.2,73.4,70.0,71.8,77.5
Mihir Kadam 085,85.9,5.2,80.2,76.0,58.7,75.5
Neha Desai 086,94.7,5.3,83.6,57.0,61.8,75.4
Nikhil Jadhav 087,84.5,3.4,48.2,60.2,72.8,64.7
Nikita Chavan 088,61.5,4.1,66.2,90.5,98.0,77.2
Om Kale 089,92.4,5.7,80.6,66.6,55.4,77.2
Pooja Shinde 090,78.0,3.3,40.7,69.4,95.0,73.0
Pranav Gaikwad 091,74.7,6.2,87.3,63.0,49.5,70.1
Prathamesh Thorat 092,92.8,4.1,80.3,64.9,58.3,70.9
Rahul Pawar 093,91.7,6.0,62.4,87.2,67.8,78.9
Riya Bhosale 094,69.0,4.4,57.3,74.5,77.5,62.4
Rohan Lokhande 095,76.2,6.3,73.3,55.2,61.9,68.0
Rohit Kulkarni 096,84.5,1.8,78.4,64.7,90.2,73.2
Sachin Mane 097,84.9,4.6,46.9,78.8,79.1,66.4
Sahil Wagh 098,92.7,2.7,64.8,60.4,77.7,76.5
Samarth Joshi 099,60.9,4.0,75.2,60.4,77.0,68.0
Sanjay Salunkhe 100,58.6,4.4,76.5,72.1,63.2,68.4
Sarthak Patil 101,75.4,6.7,66.8,62.8,98.0,81.9
Shreya More 102,89.5,3.9,56.8,69.8,51.9,69.5
Sneha Sawant 103,83.0,5.7,75.4,71.6,71.5,75.7
Tanmay Deshmukh 104,82.5,5.2,69.4,80.9,72.1,79.6
Tejas Kadam 105,74.2,6.0,63.1,52.0,95.5,72.2
Vaishnavi Desai 106,74.1,4.9,76.1,53.3,73.3,75.1
Vedant Jadhav 107,95.1,5.0,53.8,90.2,73.5,74.4
Yash Chavan 108,87.4,5.4,76.2,88.9,65.0,74.2
Aarav Kale 109,65.7,5.9,77.5,57.7,68.2,62.8
Aditi Shinde 110,68.6,3.8,71.9,80.2,66.3,68.5
Aditya Gaikwad 111,94.0,4.0,80.8,76.5,74.3,80.7
Akash Thorat 112,82.3,2.5,62.4,67.9,76.7,65.6
Akshay Pawar 113,64.8,5.8,77.3,75.7,79.4,76.9
Aman Bhosale 114,94.1,3.8,80.0,67.2,77.9,78.8
Amol Lokhande 115,70.5,1.8,79.5,63.9,90.6,75.3
Ananya Kulkarni 116,71.0,5.2,76.0,60.6,98.0,76.2
Aniket Mane 117,78.8,5.8,74.1,95.8,65.2,72.3
Anjali Wagh 118,94.5,4.3,96.4,71.8,74.6,80.4
Ansh Joshi 119,75.1,3.4,63.6,88.6,78.8,69.2
Arjun Salunkhe 120,63.2,7.8,71.6,61.2,69.0,74.7
Aryan Patil 121,87.5,6.5,58.5,79.1,49.6,64.7
Ashish More 122,85.8,4.5,77.4,84.2,41.5,69.1
Avani Sawant 123,83.2,3.3,85.4,72.9,59.8,76.3
Bhakti Deshmukh 124,70.4,3.3,83.2,67.0,88.0,75.5
Chetan Kadam 125,86.4,3.4,57.3,71.7,62.5,67.7
Deepak Desai 126,90.5,5.6,76.6,72.3,95.3,81.0
Diya Jadhav 127,78.8,5.4,82.9,74.0,70.3,72.7
Gaurav Chavan 128,78.5,2.9,72.6,78.2,62.2,71.5
Harsh Kale 129,76.8,5.1,55.7,74.9,63.2,67.9
Isha Shinde 130,76.7,5.7,71.7,72.2,62.1,66.9
Ishaan Gaikwad 131,70.6,4.4,87.9,79.3,89.4,81.0
Karan Thorat 132,66.6,2.8,80.1,66.2,82.0,72.4
Kavya Pawar 133,69.3,6.7,85.6,73.4,54.2,67.0
Krishna Bhosale 134,65.2,4.1,72.3,82.7,46.5,65.1
Manas Lokhande 135,70.5,1.5,41.9,65.0,68.1,55.1
Manav Kulkarni 136,86.3,4.9,63.1,81.1,58.2,70.4
Mayur Mane 137,86.5,3.5,67.2,83.1,63.6,70.5
Meera Wagh 138,70.9,3.7,54.6,72.4,73.2,62.9
Mihir Joshi 139,76.0,4.8,70.8,72.6,70.6,72.5
Neha Salunkhe 140,85.5,4.5,80.5,67.8,81.7,76.8
Nikhil Patil 141,59.0,6.6,85.1,70.0,68.5,74.0
Nikita More 142,59.3,3.5,88.8,87.4,60.5,66.0
Om Sawant 143,64.4,6.5,83.5,51.9,57.0,64.0
Pooja Deshmukh 144,76.6,3.4,40.0,67.1,87.1,65.0
Pranav Kadam 145,74.0,3.8,66.2,76.3,80.5,73.0
Prathamesh Desai 146,86.8,5.2,64.8,77.6,63.2,68.0
Rahul Jadhav 147,62.4,2.9,68.0,74.0,76.8,69.6
Riya Chavan 148,74.8,5.3,64.5,84.9,58.5,66.6
Rohan Kale 149,99.3,5.0,79.5,81.0,50.4,75.9
Rohit Shinde 150,68.2,3.5,71.1,100.0,71.3,69.5
Sachin Gaikwad 151,81.5,4.2,74.0,65.0,64.8,69.2
Sahil Thorat 152,90.0,3.4,58.1,66.4,73.0,69.8
Samarth Pawar 153,85.9,6.4,88.8,72.1,89.1,84.6
Sanjay Bhosale 154,75.4,2.9,57.6,74.9,61.1,61.8
Sarthak Lokhande 155,79.8,4.5,88.6,72.0,77.6,75.7
Shreya Kulkarni 156,80.9,5.5,74.4,61.2,60.9,70.5
Sneha Mane 157,84.9,6.6,66.1,66.9,76.3,77.5
Tanmay Wagh 158,80.0,6.4,83.1,78.1,78.0,78.8
Tejas Joshi 159,62.5,3.2,73.1,49.7,74.7,59.7
Vaishnavi Salunkhe 160,86.2,5.7,68.3,90.2,68.8,75.6
Vedant Patil 161,92.3,4.5,82.8,66.0,62.2,73.5
Yash More 162,83.9,3.8,79.0,60.1,70.3,73.9
Aarav Sawant 163,72.5,4.2,71.8,73.5,72.0,69.7
Aditi Deshmukh 164,84.1,6.4,87.9,82.5,83.9,85.0
Aditya Kadam 165,84.1,3.5,79.1,84.5,57.0,71.2
Akash Desai 166,86.2,4.5,77.4,90.0,68.5,70.3
Akshay Jadhav 167,95.8,6.0,68.4,68.2,56.3,71.8
Aman Chavan 168,82.4,3.9,88.5,76.3,75.8,76.5
Amol Kale 169,57.7,5.2,86.0,81.5,73.5,69.8
Ananya Shinde 170,71.6,6.8,73.5,79.3,74.0,76.7
Aniket Gaikwad 171,86.6,6.3,91.2,76.8,98.0,88.1
Anjali Thorat 172,92.2,3.2,63.9,71.6,73.3,73.9
Ansh Pawar 173,68.7,5.4,77.0,79.3,54.3,67.4
Arjun Bhosale 174,72.7,4.5,73.9,70.6,66.6,67.1
Aryan Lokhande 175,88.4,2.9,95.3,75.5,74.7,78.0
Ashish Kulkarni 176,83.6,4.9,79.9,81.4,43.8,69.2
Avani Mane 177,72.7,6.0,65.1,68.1,57.6,68.6
Bhakti Wagh 178,67.8,5.6,78.6,79.6,82.0,76.9
Chetan Joshi 179,85.4,3.8,80.5,86.0,48.5,69.4
Deepak Salunkhe 180,95.6,8.8,81.9,93.9,77.0,88.7
Diya Patil 181,96.9,2.3,75.1,62.2,61.9,71.8
Gaurav More 182,73.8,3.2,61.9,84.4,56.9,69.4
Harsh Sawant 183,90.7,5.8,64.9,65.2,75.2,70.7
Isha Deshmukh 184,79.0,8.6,88.9,72.2,88.1,84.1
Ishaan Kadam 185,61.8,3.6,70.0,61.8,54.9,65.7
Karan Desai 186,77.6,6.3,47.7,77.8,62.1,65.8
Kavya Jadhav 187,86.1,4.5,64.2,62.4,73.4,69.3
Krishna Chavan 188,81.7,1.8,83.1,76.3,52.0,62.9
Manas Kale 189,94.6,4.5,64.8,72.1,87.4,79.0
Manav Shinde 190,92.1,3.2,76.9,85.2,93.7,81.4
Mayur Gaikwad 191,69.1,3.5,59.9,93.9,74.3,65.3
Meera Thorat 192,73.3,6.1,84.5,84.5,81.9,78.2
Mihir Pawar 193,88.4,4.5,46.9,95.9,61.6,74.7
Neha Bhosale 194,73.8,5.0,84.2,76.9,70.0,72.7
Nikhil Lokhande 195,65.3,5.7,71.4,64.2,81.3,75.3
Nikita Kulkarni 196,70.2,3.4,78.3,80.3,54.8,66.9
Om Mane 197,81.8,3.3,80.6,81.1,71.8,73.5
Pooja Wagh 198,82.5,4.0,72.2,70.6,81.0,71.4
Pranav Joshi 199,70.6,2.7,64.5,65.9,81.2,67.6
Prathamesh Salunkhe 200,95.4,2.3,83.3,77.9,95.6,83.9
Rahul Patil 201,89.5,5.6,60.9,88.9,68.5,74.7
Riya More 202,54.1,4.0,68.5,63.8,69.4,65.8
Rohan Sawant 203,79.2,5.7,77.5,87.3,59.0,73.8
Rohit Deshmukh 204,71.6,6.7,64.9,98.7,56.5,69.7
Sachin Kadam 205,72.5,6.0,83.1,74.9,68.1,74.4
Sahil Desai 206,71.9,1.9,72.8,69.6,86.3,69.5
Samarth Jadhav 207,86.4,4.3,80.1,76.1,51.2,67.7
Sanjay Chavan 208,82.2,5.7,45.3,60.3,71.7,66.9
Sarthak Kale 209,94.0,6.2,81.2,83.4,71.1,80.6
Shreya Shinde 210,62.3,4.4,87.5,56.7,51.0,59.4
Sneha Gaikwad 211,62.3,5.8,71.2,63.9,62.6,72.2
Tanmay Thorat 212,77.2,5.1,83.8,79.6,78.2,78.7
Tejas Pawar 213,78.4,5.4,62.6,82.5,68.7,70.5
Vaishnavi Bhosale 214,72.2,4.5,72.4,66.9,70.7,67.2
Vedant Lokhande 215,67.1,4.6,70.4,68.0,68.2,65.9
Yash Kulkarni 216,89.4,3.4,98.0,82.8,68.2,77.0
Aarav Mane 217,92.6,7.0,90.9,68.6,77.8,85.1
Aditi Wagh 218,69.2,3.9,40.6,80.7,52.0,58.0
Aditya Joshi 219,100.0,3.2,72.7,89.6,75.7,75.2
Akash Salunkhe 220,71.4,1.0,97.4,68.5,98.0,78.4
Akshay Patil 221,96.1,4.2,84.2,83.6,95.6,88.9
Aman More 222,54.5,3.6,64.0,82.2,84.8,69.6
Amol Sawant 223,81.5,5.1,62.4,63.3,64.7,70.4
Ananya Deshmukh 224,77.2,5.5,79.8,72.3,77.3,73.8
Aniket Kadam 225,80.8,6.4,67.0,81.9,57.9,71.4
Anjali Desai 226,94.7,5.3,64.1,92.9,92.1,79.5
Ansh Jadhav 227,68.0,1.6,75.4,60.6,61.7,67.3
Arjun Chavan 228,70.7,5.9,60.5,82.8,58.2,66.0
Aryan Kale 229,77.6,7.8,84.0,72.8,49.0,72.4
Ashish Shinde 230,69.1,3.9,74.2,68.7,82.0,72.5
Avani Gaikwad 231,92.3,3.3,64.2,100.0,74.9,76.5
Bhakti Thorat 232,70.0,4.6,84.0,68.9,72.9,68.6
Chetan Pawar 233,99.3,6.5,74.1,74.8,50.5,81.2
Deepak Bhosale 234,75.7,1.1,74.6,56.6,69.0,66.5
Diya Lokhande 235,72.2,3.0,81.7,69.3,84.0,74.5
Gaurav Kulkarni 236,99.6,6.3,80.3,79.4,73.0,79.5
Harsh Mane 237,82.8,4.9,56.3,62.0,84.9,70.3
Isha Wagh 238,85.7,5.5,75.3,71.3,78.1,81.8
Ishaan Joshi 239,79.5,1.3,78.3,88.2,63.2,71.8
Karan Salunkhe 240,93.5,3.4,69.0,64.1,67.4,69.5
Kavya Patil 241,80.9,2.0,74.5,78.9,70.5,73.6
Krishna More 242,78.2,4.2,77.4,84.5,69.9,71.4
Manas Sawant 243,88.0,5.1,64.3,68.9,93.9,78.8
Manav Deshmukh 244,69.3,5.9,77.9,71.5,72.0,76.3
Mayur Kadam 245,64.6,2.8,77.8,89.4,79.7,73.3
Meera Desai 246,68.9,6.3,72.6,66.2,88.4,74.6
Mihir Jadhav 247,70.3,4.4,74.5,91.1,98.0,78.3
Neha Chavan 248,88.1,6.3,84.4,61.4,76.4,79.5
Nikhil Kale 249,82.1,9.0,87.8,78.4,88.2,89.1
Nikita Shinde 250,82.5,5.3,59.7,62.7,76.4,69.2
Om Gaikwad 251,61.0,3.5,47.5,74.3,71.8,67.1
Pooja Thorat 252,80.7,5.6,73.2,76.1,77.7,74.8
Pranav Pawar 253,80.5,5.0,60.7,72.2,52.6,57.7
Prathamesh Bhosale 254,69.5,7.8,57.1,75.8,84.9,73.3
Rahul Lokhande 255,79.8,3.8,81.3,58.8,50.6,64.1
Riya Kulkarni 256,54.0,4.4,82.3,86.5,72.0,72.6
Rohan Mane 257,91.3,3.8,79.4,64.4,72.9,73.8
Rohit Wagh 258,89.7,7.1,71.4,80.3,68.9,77.1
Sachin Joshi 259,77.0,3.9,68.5,73.4,89.1,78.6
Sahil Salunkhe 260,78.1,7.0,86.2,94.7,85.1,84.9
Samarth Patil 261,65.2,1.0,68.9,73.3,80.6,71.4
Sanjay More 262,85.5,3.0,64.1,44.9,50.0,60.1
Sarthak Sawant 263,75.4,6.2,84.1,59.8,69.0,70.9
Shreya Deshmukh 264,74.2,5.2,63.5,82.5,49.2,63.4
Sneha Kadam 265,83.4,4.2,59.7,71.8,87.8,76.5
Tanmay Desai 266,76.8,4.4,83.7,77.4,55.2,71.9
Tejas Jadhav 267,68.0,5.3,66.9,40.3,72.5,67.0
Vaishnavi Chavan 268,92.7,4.1,80.9,79.4,85.3,81.1
Vedant Kale 269,72.1,5.1,70.3,75.5,49.1,65.8
Yash Shinde 270,90.6,2.6,66.1,62.7,90.0,74.5
Aarav Gaikwad 271,63.1,1.0,50.1,56.8,82.7,62.0
Aditi Thorat 272,65.1,5.3,78.5,65.7,74.8,73.7
Aditya Pawar 273,81.2,6.4,77.5,74.3,63.1,74.7
Akash Bhosale 274,75.5,6.3,75.5,67.4,74.6,78.2
Akshay Lokhande 275,65.1,5.5,82.5,48.7,59.9,68.3
Aman Kulkarni 276,70.3,5.3,76.1,77.9,83.6,75.7
Amol Mane 277,75.0,4.7,82.1,62.7,98.0,79.9
Ananya Wagh 278,76.3,6.3,80.5,61.7,88.6,78.2
Aniket Joshi 279,61.3,5.0,75.6,79.8,62.9,69.0
Anjali Salunkhe 280,91.7,6.0,78.1,79.8,70.6,74.3
Ansh Patil 281,99.2,5.1,78.3,66.4,80.1,78.7
Arjun More 282,90.5,5.4,68.4,73.0,77.2,82.9
Aryan Sawant 283,87.9,2.9,77.4,91.9,54.8,67.4
Ashish Deshmukh 284,68.1,4.3,86.0,85.9,69.4,71.4
Avani Kadam 285,74.5,6.0,98.0,75.4,53.3,78.2
Bhakti Desai 286,67.9,3.6,72.7,73.6,70.3,69.6
Chetan Jadhav 287,82.4,6.3,52.4,77.2,81.5,71.2
Deepak Chavan 288,79.1,7.3,63.0,62.8,72.4,70.5
Diya Kale 289,72.6,6.2,87.4,75.3,64.2,78.5
Gaurav Shinde 290,72.9,3.5,68.4,61.8,85.5,68.6
Harsh Gaikwad 291,76.9,6.1,59.4,84.6,90.4,80.1
Isha Thorat 292,76.3,3.2,82.9,94.4,59.9,67.6
Ishaan Pawar 293,81.7,6.0,56.4,92.2,69.7,72.2
Karan Bhosale 294,76.6,6.2,65.8,55.9,50.5,61.8
Kavya Lokhande 295,76.8,6.5,62.2,68.2,71.1,76.0
Krishna Kulkarni 296,82.2,7.4,60.4,88.7,64.3,75.9
Manas Mane 297,65.2,4.4,78.6,69.1,94.1,76.1
Manav Wagh 298,83.9,5.1,74.1,53.4,61.2,73.3
Mayur Joshi 299,85.8,6.0,57.2,92.4,67.9,73.3
Meera Salunkhe 300,73.7,4.6,64.7,73.9,83.9,72.2
Mihir Patil 301,97.4,6.6,67.4,80.3,83.5,82.2
Neha More 302,77.5,4.8,62.6,63.2,80.9,72.0
Nikhil Sawant 303,70.4,6.1,73.5,72.6,61.9,69.1
Nikita Deshmukh 304,84.5,3.9,66.9,66.4,65.2,67.8
Om Kadam 305,77.7,5.4,67.9,80.0,94.3,80.6
Pooja Desai 306,75.8,4.9,59.6,67.0,50.5,66.3
Pranav Jadhav 307,70.7,4.3,62.3,79.8,63.6,64.9
Prathamesh Chavan 308,66.6,3.2,75.2,57.0,78.5,69.0
Rahul Kale 309,71.7,4.9,71.9,71.5,61.4,70.9
Riya Shinde 310,65.9,4.7,68.2,60.0,85.3,72.9
Rohan Gaikwad 311,77.0,4.7,81.2,72.5,63.5,74.7
Rohit Thorat 312,92.0,4.1,80.5,84.2,83.9,82.0
Sachin Pawar 313,61.8,4.1,78.7,78.6,64.3,65.6
Sahil Bhosale 314,98.0,3.9,57.2,54.6,75.0,69.7
Samarth Lokhande 315,93.1,5.8,62.0,64.3,82.7,75.5
Sanjay Kulkarni 316,71.2,6.7,75.3,97.9,60.1,70.5
Sarthak Mane 317,81.0,5.2,73.8,79.8,57.9,73.1
Shreya Wagh 318,82.1,3.8,82.2,81.6,51.2,70.8
Sneha Joshi 319,68.7,5.4,73.4,80.5,74.7,72.6
Tanmay Salunkhe 320,66.7,5.5,72.0,62.7,77.4,72.9
Tejas Patil 321,85.8,3.3,69.0,57.8,88.5,72.7
Vaishnavi More 322,84.8,5.2,88.6,88.1,94.7,86.2
Vedant Sawant 323,81.4,6.0,67.4,80.0,76.2,79.9
Yash Deshmukh 324,84.6,3.9,69.0,74.2,84.1,75.5
Aarav Kadam 325,81.5,5.9,62.6,93.4,58.9,73.3
Aditi Desai 326,63.4,5.4,64.3,68.0,64.5,65.4
Aditya Jadhav 327,76.4,4.4,90.8,77.2,35.0,64.3
Akash Chavan 328,95.9,2.0,79.3,62.7,59.5,67.2
Akshay Kale 329,80.8,4.8,79.5,64.9,70.8,75.6
Aman Shinde 330,68.4,3.4,82.2,59.5,74.6,70.5
Amol Gaikwad 331,67.5,4.2,87.1,70.7,65.0,72.5
Ananya Thorat 332,65.7,8.4,71.8,86.1,71.9,78.6
Aniket Pawar 333,76.1,2.6,59.2,76.2,56.5,66.2
Anjali Bhosale 334,65.1,2.3,75.3,54.5,52.7,61.1
Ansh Lokhande 335,73.7,4.9,95.2,60.8,67.2,72.4
Arjun Kulkarni 336,79.7,5.0,93.9,82.2,75.4,76.3
Aryan Mane 337,76.1,8.9,87.6,69.7,69.4,84.0
Ashish Wagh 338,75.0,4.1,75.1,83.0,60.1,73.8
Avani Joshi 339,69.6,4.6,63.2,69.1,43.9,59.8
Bhakti Salunkhe 340,85.8,5.8,70.3,87.2,57.5,74.3
Chetan Patil 341,74.1,4.6,92.3,47.1,81.7,79.3
Deepak More 342,98.9,2.5,75.1,69.8,68.8,76.4
Diya Sawant 343,80.7,3.1,64.8,68.6,64.2,68.6
Gaurav Deshmukh 344,89.9,3.3,61.5,79.8,61.4,65.3
Harsh Kadam 345,80.9,5.8,73.7,82.2,58.5,68.3
Isha Desai 346,77.0,8.1,81.7,81.5,66.9,80.3
Ishaan Jadhav 347,85.1,5.3,66.4,67.5,66.8,69.2
Karan Chavan 348,86.0,3.1,51.7,78.6,75.8,67.2
Kavya Kale 349,92.4,7.5,58.9,64.5,77.4,79.0
Krishna Shinde 350,93.7,4.7,63.0,62.9,59.4,66.9
Manas Gaikwad 351,66.4,6.8,64.5,71.1,54.7,65.4
Manav Thorat 352,93.7,5.3,78.9,88.7,57.7,82.7
Mayur Pawar 353,68.7,4.5,56.2,74.3,91.7,66.1
Meera Bhosale 354,65.8,4.1,88.1,65.6,80.4,76.1
Mihir Lokhande 355,77.3,5.1,73.0,87.5,77.7,71.9
Neha Kulkarni 356,84.2,7.4,64.7,71.9,77.3,74.4
Nikhil Mane 357,88.7,3.9,83.0,78.7,71.9,72.3
Nikita Wagh 358,81.0,4.6,60.2,84.0,61.5,67.9
Om Joshi 359,70.9,3.5,81.5,74.5,78.3,71.1
Pooja Salunkhe 360,85.7,3.3,46.3,76.2,61.8,65.6
Pranav Patil 361,68.0,2.9,70.6,59.5,50.8,59.4
Prathamesh More 362,65.7,2.3,84.3,76.3,85.0,70.5
Rahul Sawant 363,100.0,5.4,66.0,66.3,74.3,77.5
Riya Deshmukh 364,71.9,5.1,73.6,69.4,62.6,74.6
Rohan Kadam 365,76.9,4.7,76.6,92.8,74.6,71.0
Rohit Desai 366,77.8,3.3,58.2,97.9,73.2,68.1
Sachin Jadhav 367,63.4,5.2,59.1,70.8,80.8,68.5
Sahil Chavan 368,85.0,4.5,60.4,90.0,69.3,70.3
Samarth Kale 369,87.5,4.2,69.1,63.5,81.9,76.1
Sanjay Shinde 370,75.3,3.7,83.6,76.6,62.7,71.5
Sarthak Gaikwad 371,68.3,5.8,89.1,71.1,73.2,78.5
Shreya Thorat 372,69.4,5.1,80.9,72.1,75.9,76.5
Sneha Pawar 373,65.9,6.6,76.1,72.9,81.0,78.8
Tanmay Bhosale 374,82.3,5.8,78.5,57.4,69.4,77.3
Tejas Lokhande 375,72.8,5.9,59.0,73.1,47.6,61.1
Vaishnavi Kulkarni 376,74.2,4.2,79.3,89.3,75.7,73.1
Vedant Mane 377,92.7,5.3,60.7,90.8,53.6,67.0
Yash Wagh 378,99.9,2.9,54.2,89.1,78.6,77.7
Aarav Joshi 379,73.5,2.8,76.3,83.7,54.1,67.4
Aditi Salunkhe 380,70.9,2.8,63.9,83.9,74.2,69.9
Aditya Patil 381,77.2,3.4,68.0,76.6,79.3,73.5
Akash More 382,95.0,3.4,80.0,80.2,74.8,75.9
Akshay Sawant 383,71.4,2.8,58.3,71.5,84.4,66.3
Aman Deshmukh 384,75.2,2.9,59.7,80.5,53.8,58.3
Amol Kadam 385,100.0,5.2,61.8,71.1,88.3,82.5
Ananya Desai 386,69.6,3.9,83.8,65.6,83.5,73.5
Aniket Jadhav 387,87.9,2.2,64.4,76.2,96.3,78.2
Anjali Chavan 388,73.1,3.5,65.9,84.4,75.8,68.5
Ansh Kale 389,96.6,5.0,93.7,66.8,78.5,82.8
Arjun Shinde 390,76.8,3.4,92.8,91.4,53.9,72.5
Aryan Gaikwad 391,71.4,4.7,71.1,84.3,82.4,73.2
Ashish Thorat 392,80.4,5.2,84.7,77.0,63.1,75.2
Avani Pawar 393,64.3,5.2,93.0,80.8,80.6,73.9
Bhakti Bhosale 394,77.2,4.6,51.7,78.1,60.4,61.8
Chetan Lokhande 395,67.3,3.9,87.3,77.7,45.1,61.1
Deepak Kulkarni 396,75.9,5.3,61.9,70.4,75.7,72.5
Diya Mane 397,83.5,3.3,76.4,59.5,68.9,67.2
Gaurav Wagh 398,65.6,1.0,64.8,57.5,55.2,57.3
Harsh Joshi 399,69.0,4.5,66.0,73.8,98.0,74.7
Isha Salunkhe 400,87.9,2.0,72.3,45.7,90.3,78.0
Ishaan Patil 401,82.6,4.6,86.4,73.9,89.5,81.7
Karan More 402,82.7,4.2,68.2,78.7,75.5,73.2
Kavya Sawant 403,84.7,7.5,73.4,71.1,82.8,77.4
Krishna Deshmukh 404,93.2,4.6,68.0,61.7,64.9,71.3
Manas Kadam 405,79.1,4.6,76.3,73.3,62.1,70.0
Manav Desai 406,66.7,3.1,75.8,60.1,50.2,60.4
Mayur Jadhav 407,58.7,4.4,81.5,81.1,56.1,66.7
Meera Chavan 408,70.0,6.0,98.0,63.5,65.9,74.7
Mihir Kale 409,81.8,6.4,56.7,64.2,52.6,62.3
Neha Shinde 410,81.6,6.7,93.3,79.1,58.5,77.7
Nikhil Gaikwad 411,81.5,2.8,60.1,78.8,63.3,62.7
Nikita Thorat 412,68.1,5.2,62.4,87.9,64.6,69.9
Om Pawar 413,59.3,4.2,92.7,84.5,89.3,80.1
Pooja Bhosale 414,86.1,4.2,67.3,59.2,73.6,74.0
Pranav Lokhande 415,76.2,2.9,56.8,91.7,77.7,70.6
Prathamesh Kulkarni 416,81.2,6.0,98.0,72.1,60.6,80.7
Rahul Mane 417,84.5,4.9,77.7,69.2,49.4,72.6
Riya Wagh 418,81.8,4.8,64.4,68.9,67.5,64.4
Rohan Joshi 419,80.6,6.0,61.1,70.2,73.5,71.0
Rohit Salunkhe 420,72.9,4.4,83.2,69.3,62.4,74.8
Sachin Patil 421,85.2,5.2,70.4,74.5,62.9,73.3
Sahil More 422,85.2,7.0,57.6,69.4,74.9,72.1
Samarth Sawant 423,70.1,4.2,48.8,81.5,67.5,65.8
Sanjay Deshmukh 424,84.4,4.4,87.0,82.0,80.4,80.3
Sarthak Kadam 425,64.1,5.6,74.4,72.9,75.7,72.2
Shreya Desai 426,52.9,6.6,77.7,83.9,62.0,73.3
Sneha Jadhav 427,87.8,6.6,45.7,66.3,75.4,74.1
Tanmay Chavan 428,90.4,4.7,75.9,69.7,74.5,77.5
Tejas Kale 429,75.5,2.1,70.3,95.9,61.3,66.3
Vaishnavi Shinde 430,83.6,5.4,98.0,66.6,70.5,80.2
Vedant Gaikwad 431,61.1,6.4,95.8,77.1,79.3,82.4
Yash Thorat 432,71.0,5.4,94.7,74.0,47.4,68.7
Aarav Pawar 433,73.9,2.9,80.0,77.8,57.9,67.7
Aditi Bhosale 434,91.1,2.9,53.7,63.8,51.8,59.8
Aditya Lokhande 435,82.0,2.1,71.6,79.2,70.1,63.2
Akash Kulkarni 436,82.3,3.4,61.0,99.2,71.2,66.2
Akshay Mane 437,67.5,3.9,87.0,81.4,60.3,68.5
Aman Wagh 438,82.3,4.6,83.3,60.9,73.1,74.5
Amol Joshi 439,76.9,3.3,78.3,78.7,68.0,67.7
Ananya Salunkhe 440,78.5,7.1,74.9,81.1,70.0,72.5
Aniket Patil 441,65.1,1.9,71.4,70.1,50.7,60.9
Anjali More 442,99.4,6.1,64.0,53.8,56.8,70.1
Ansh Sawant 443,75.7,8.6,65.6,88.6,79.5,83.8
Arjun Deshmukh 444,88.0,6.8,72.8,62.6,79.9,80.0
Aryan Kadam 445,76.7,4.3,76.2,67.7,63.5,72.3
Ashish Desai 446,76.5,3.8,69.6,82.0,53.0,62.5
Avani Jadhav 447,65.1,3.2,53.0,76.8,98.0,72.8
Bhakti Chavan 448,59.4,3.2,72.3,76.2,49.4,62.3
Chetan Kale 449,72.8,5.4,83.2,84.8,81.1,77.5
Deepak Shinde 450,93.6,4.0,78.5,74.1,72.5,76.5
Diya Gaikwad 451,80.5,5.9,79.9,52.7,75.4,73.6
Gaurav Thorat 452,69.2,6.3,70.4,84.2,41.5,67.7
Harsh Pawar 453,63.8,4.6,68.6,92.4,71.2,73.8
Isha Bhosale 454,78.8,4.5,72.9,68.8,70.1,74.3
Ishaan Lokhande 455,69.5,4.2,65.5,86.5,77.9,66.6
Karan Kulkarni 456,76.4,5.9,61.6,75.9,73.3,70.7
Kavya Mane 457,71.3,4.5,86.6,68.8,48.0,66.4
Krishna Wagh 458,77.5,4.2,82.4,71.2,77.6,73.1
Manas Joshi 459,81.0,4.1,73.8,69.0,87.7,79.9
Manav Salunkhe 460,80.0,6.3,63.2,73.6,90.0,73.6
Mayur Patil 461,81.6,5.6,59.8,82.6,76.7,70.5
Meera More 462,86.1,4.8,74.8,62.6,63.0,72.6
Mihir Sawant 463,86.7,4.0,87.5,83.6,65.2,83.0
Neha Deshmukh 464,91.0,6.8,61.3,72.0,78.0,74.9
Nikhil Kadam 465,63.0,2.4,81.1,77.4,89.3,71.4
Nikita Desai 466,75.0,3.1,68.1,56.0,63.6,61.4
Om Jadhav 467,100.0,4.8,65.0,86.5,62.7,77.2
Pooja Chavan 468,67.6,3.7,57.3,79.4,71.3,69.8
Pranav Kale 469,100.0,3.1,64.5,85.9,78.7,78.1
Prathamesh Shinde 470,64.1,5.9,79.4,84.0,69.9,68.8
Rahul Gaikwad 471,78.6,4.0,83.3,76.8,61.4,71.5
Riya Thorat 472,84.8,4.7,81.5,72.9,81.7,76.3
Rohan Pawar 473,78.6,5.6,58.1,78.3,55.8,67.7
Rohit Bhosale 474,69.6,6.5,40.1,69.6,95.0,71.2
Sachin Lokhande 475,70.0,6.5,74.2,74.3,79.8,76.9
Sahil Kulkarni 476,78.4,5.9,71.0,81.1,88.4,75.2
Samarth Mane 477,78.3,6.3,72.2,86.2,86.5,78.8
Sanjay Wagh 478,77.7,6.4,71.6,85.2,68.7,73.3
Sarthak Joshi 479,91.3,6.3,70.5,67.5,84.8,82.7
Shreya Salunkhe 480,75.3,6.0,80.5,71.9,68.4,81.0
Sneha Patil 481,59.3,4.3,69.0,53.2,56.3,64.0
Tanmay More 482,65.2,4.7,57.0,83.5,86.8,73.5
Tejas Sawant 483,73.6,4.9,98.0,61.2,80.8,80.5
Vaishnavi Deshmukh 484,76.5,6.4,55.4,56.7,53.8,61.2
Vedant Kadam 485,88.0,4.9,76.5,61.5,85.6,76.2
Yash Desai 486,70.0,3.2,60.9,63.5,70.8,63.4
Aarav Jadhav 487,75.5,5.4,74.7,68.4,79.3,76.3
Aditi Chavan 488,63.1,6.3,75.4,69.6,55.1,65.6
Aditya Kale 489,75.7,6.0,73.9,89.6,57.6,71.6
Akash Shinde 490,76.7,6.7,72.6,66.7,67.0,74.5
Akshay Gaikwad 491,67.9,6.0,75.6,86.8,95.7,81.8
Aman Thorat 492,62.9,4.8,68.3,73.0,72.1,73.8
Amol Pawar 493,88.3,5.3,58.2,72.7,73.2,77.9
Ananya Bhosale 494,95.0,5.1,73.3,89.1,85.5,81.9
Aniket Lokhande 495,92.9,4.0,75.3,64.9,48.2,68.3
Anjali Kulkarni 496,85.2,5.9,85.8,54.9,56.4,71.9
Ansh Mane 497,66.3,5.7,71.1,75.7,43.6,69.2
Arjun Wagh 498,86.0,6.2,70.2,71.0,91.4,79.7
Aryan Joshi 499,74.0,7.2,73.5,80.5,56.6,74.8
Ashish Salunkhe 500,80.6,4.8,70.5,79.5,80.4,74.1
